{
  "project_info": {
    "project_number": "260716519840",
    "project_id": "incremental-game-af44d",
    "storage_bucket": "incremental-game-af44d.appspot.com"
  },
  "client": [
    {
      "client_info": {
        "mobilesdk_app_id": "1:260716519840:android:c3b7a8c2e9c1a6ea0b04c5",
        "android_client_info": {
          "package_name": "com.incremental.game"
        }
      },
      "oauth_client": [
        {
          "client_id": "260716519840-vlh5e0a85v0jn9rtfppm7l53t9eo9ksq.apps.googleusercontent.com",
          "client_type": 3
        }
      ],
      "api_key": [
        {
          "current_key": "AIzaSyCeHB9p8hGT1NUzFuXkt6bgGssw4JiNoDk"
        }
      ],
      "services": {
        "appinvite_service": {
          "other_platform_oauth_client": [
            {
              "client_id": "260716519840-vlh5e0a85v0jn9rtfppm7l53t9eo9ksq.apps.googleusercontent.com",
              "client_type": 3
            }
          ]
        }
      }
    }
  ],
  "configuration_version": "1"
}